Article_ID,Category_ID
A0001,C0098,C0126
A0002,C0005,C0122
A0003,C0092
A0004,C0005,C0122
A0005,C0098,C0126
A0006,C0021
A0007,C0068
A0008,C0068
A0009,C0068
A0010,C0068
A0011,C0068
A0012,C0070
A0013,C0068
A0014,C0144
A0015,C0144
A0016,C0068
A0017,C0068
A0018,C0068
A0019,C0046
A0020,C0068
A0021,C0064
A0022,C0073
A0023,C0059
A0024,C0061
A0025,C0068
A0026,C0144
A0027,C0068
A0028,C0068
A0029,C0035
A0030,C0035
A0031,C0061
A0032,C0061
A0033,C0059
A0034,C0064
A0035,C0073
A0036,C0061
A0037,C0061
A0038,C0061
A0039,C0068
A0040,C0068
A0041,C0068
A0042,C0144
A0043,C0068
A0044,C0035
A0045,C0035
A0046,C0035
A0047,C0144
A0048,C0144
A0049,C0144
A0050,C0144
A0051,C0068
A0052,C0144
A0053,C0144
A0054,C0144
A0055,C0144
A0056,C0144
A0057,C0068
A0058,C0035
A0059,C0068
A0060,C0068
A0061,C0068
A0062,C0144
A0063,C0068
A0064,C0108
A0065,C0133
A0066,C0090
A0067,C0133
A0068,C0070
A0069,C0035
A0070,C0076
A0071,C0020
A0072,C0143
A0073,C0084
A0074,C0084
A0075,C0084
A0076,C0089
A0077,C0053
A0078,C0135
A0079,C0053
A0080,C0137
A0081,C0012,C0040
A0082,C0058
A0083,C0065
A0084,C0098
A0085,C0065
A0086,C0115,C0125
A0087,C0086
A0088,C0115,C0125
A0089,C0097
A0090,C0056
A0091,C0143
A0092,C0056
A0093,C0116
A0094,C0049
A0095,C0005,C0123
A0096,C0070
A0097,C0110
A0098,C0109
A0099,C0039
A0100,C0143
A0101,C0017
A0102,C0005,C0124
A0103,C0049
A0104,C0143
A0105,C0019
A0106,C0049
A0107,C0138
A0108,C0138
A0109,C0065
A0110,C0133
A0111,C0028,C0054
A0112,C0020,C0076
A0113,C0139
A0114,C0132
A0115,C0086
A0116,C0125
A0117,C0022
A0118,C0022,C0098
A0119,C0049
A0120,C0057
A0121,C0138
A0122,C0107
A0123,C0105
A0124,C0098
A0125,C0019,C0040
A0126,C0133
A0127,C0135
A0128,C0005,C0123
A0129,C0049
A0130,C0083
A0131,C0129
A0132,C0135
A0133,C0135
A0134,C0129
A0135,C0049
A0136,C0129
A0137,C0129
A0138,C0129
A0139,C0129
A0140,C0031
A0141,C0135
A0142,C0134
A0143,C0134
A0144,C0068
A0145,C0081
A0146,C0098
A0147,C0113
A0148,C0079
A0149,C0113
A0150,C0042
A0151,C0032
A0152,C0032
A0153,C0032
A0154,C0032
A0155,C0032
A0156,C0075
A0157,C0098
A0158,C0065,C0098
A0159,C0106
A0160,C0065
A0161,C0053
A0162,C0065
A0163,C0030,C0031
A0164,C0130
A0165,C0100
A0166,C0005,C0122
A0167,C0129
A0168,C0093
A0169,C0096
A0170,C0130
A0171,C0072,C0114
A0172,C0133
A0173,C0100
A0174,C0110
A0175,C0140
A0176,C0065,C0098
A0177,C0140
A0178,C0110
A0179,C0101
A0180,C0098
A0181,C0096
A0182,C0098
A0183,C0101
A0184,C0106
A0185,C0094
A0186,C0101,C0102,C0126
A0187,C0012
A0188,C0005,C0120
A0189,C0070
A0190,C0049
A0191,C0144
A0192,C0035
A0193,C0012
A0194,C0084
A0195,C0047
A0196,C0088
A0197,C0079
A0198,C0111
A0199,C0116
A0200,C0134
A0201,C0085
A0202,C0130
A0203,C0055
A0204,C0042,C0137
A0205,C0135
A0206,C0082
A0207,C0034
A0208,C0132
A0209,C0089
A0210,C0139
A0211,C0138
A0212,C0133
A0213,C0137
A0214,C0062
A0215,C0051
A0216,C0051
A0217,C0051
A0218,C0129
A0219,C0060
A0220,C0098
A0221,C0072
A0222,C0081
A0223,C0072
A0224,C0057
A0225,C0045
A0226,C0089
A0227,C0139
A0228,C0063
A0229,C0060
A0230,C0138
A0231,C0060
A0232,C0130
A0233,C0053
A0234,C0035
A0235,C0055
A0236,C0134
A0237,C0113
A0238,C0113
A0239,C0031
A0240,C0132
A0241,C0065
A0242,C0065
A0243,C0065
A0244,C0068
A0245,C0051
A0246,C0005,C0122
A0247,C0108
A0248,C0096
A0249,C0105
A0250,C0110
A0251,C0109
A0252,C0109
A0253,C0091
A0254,C0055
A0255,C0144
A0256,C0092
A0257,C0133
A0258,C0134
A0259,C0137
A0260,C0049
A0261,C0033
A0262,C0115
A0263,C0115
A0264,C0115
A0265,C0083,C0126
A0266,C0005,C0120
A0267,C0005,C0121
A0268,C0132
A0269,C0023
A0270,C0023
A0271,C0038,C0041
A0272,C0130
A0273,C0062
A0274,C0084
A0275,C0110
A0276,C0102,C0125
A0277,C0107
A0278,C0068
A0279,C0073,C0074
A0280,C0134
A0281,C0049
A0282,C0050
A0283,C0134
A0284,C0050
A0285,C0130
A0286,C0135
A0287,C0135
A0288,C0092
A0289,C0063
A0290,C0005,C0121
A0291,C0139
A0292,C0134
A0293,C0094
A0294,C0103
A0295,C0092
A0296,C0103
A0297,C0053
A0298,C0065
A0299,C0130
A0300,C0135
A0301,C0134
A0302,C0111
A0303,C0145
A0304,C0145
A0305,C0114
A0306,C0042
A0307,C0012
A0308,C0042
A0309,C0040,C0132
A0310,C0025
A0311,C0031
A0312,C0081
A0313,C0042
A0314,C0080
A0315,C0054
A0316,C0086
A0317,C0144
A0318,C0066
A0319,C0129
A0320,C0107
A0321,C0100
A0322,C0033
A0323,C0078
A0324,C0033
A0325,C0054
A0326,C0054
A0327,C0090
A0328,C0054
A0329,C0129
A0330,C0137
A0331,C0137
A0332,C0005,C0121
A0333,C0139
A0334,C0057
A0335,C0105
A0336,C0144
A0337,C0104
A0338,C0012
A0339,C0135
A0340,C0098
A0341,C0005,C0122
A0342,C0105
A0343,C0106
A0344,C0132
A0345,C0068
A0346,C0047
A0347,C0139
A0348,C0017
A0349,C0132
A0350,C0101
A0351,C0110,C0127
A0352,C0110
A0353,C0101,C0127
A0354,C0017
A0355,C0005,C0121
A0356,C0042
A0357,C0133
A0358,C0055
A0359,C0134
A0360,C0042
A0361,C0133
A0362,C0065
A0363,C0139
A0364,C0144
A0365,C0133
A0366,C0044
A0367,C0144
A0368,C0144
A0369,C0051
A0370,C0051
A0371,C0069,C0099
A0372,C0113
A0373,C0111
A0374,C0053
A0375,C0045
A0376,C0062
A0377,C0035
A0378,C0054
A0379,C0134
A0380,C0127
A0381,C0112
A0382,C0140
A0383,C0089
A0384,C0074
A0385,C0098
A0386,C0133
A0387,C0098,C0101
A0388,C0057
A0389,C0086,C0110
A0390,C0083
A0391,C0092
A0392,C0107
A0393,C0098
A0394,C0005,C0057
A0395,C0081
A0396,C0134
A0397,C0046
A0398,C0129
A0399,C0057
A0400,C0045
A0401,C0005,C0122
A0402,C0133
A0403,C0045
A0404,C0137
A0405,C0031
A0406,C0034
A0407,C0036
A0408,C0036
A0409,C0035
A0410,C0133
A0411,C0052
A0412,C0055
A0413,C0061
A0414,C0048
A0415,C0042,C0137
A0416,C0056
A0417,C0032,C0074
A0418,C0034
A0419,C0105
A0420,C0135
A0421,C0098
A0422,C0005,C0122
A0423,C0063
A0424,C0065
A0425,C0020
A0426,C0075
A0427,C0030,C0048
A0428,C0048
A0429,C0020
A0430,C0033
A0431,C0133
A0432,C0108
A0433,C0135
A0434,C0065,C0098
A0435,C0133
A0436,C0065
A0437,C0043
A0438,C0136
A0439,C0024
A0440,C0135
A0441,C0045
A0442,C0043
A0443,C0058
A0444,C0115
A0445,C0005,C0121
A0446,C0005,C0124
A0447,C0057
A0448,C0129
A0449,C0054
A0450,C0062
A0451,C0049
A0452,C0042
A0453,C0135
A0454,C0055
A0455,C0055
A0456,C0005,C0123
A0457,C0049
A0458,C0020
A0459,C0021
A0460,C0092
A0461,C0049
A0462,C0105
A0463,C0005,C0121
A0464,C0099
A0465,C0135
A0466,C0135
A0467,C0053
A0468,C0139
A0469,C0042,C0137
A0470,C0129
A0471,C0136
A0472,C0017
A0473,C0134
A0474,C0104
A0475,C0045
A0476,C0053
A0477,C0042,C0137
A0478,C0048
A0479,C0033
A0480,C0033
A0481,C0045
A0482,C0134
A0483,C0134
A0484,C0135
A0485,C0087
A0486,C0135
A0487,C0135
A0488,C0056
A0489,C0073
A0490,C0059
A0491,C0037
A0492,C0072
A0493,C0070
A0494,C0072
A0495,C0072
A0496,C0072
A0497,C0128
A0498,C0072
A0499,C0074
A0500,C0072
A0501,C0072
A0502,C0126
A0503,C0070
A0504,C0065
A0505,C0074
A0506,C0065
A0507,C0074
A0508,C0074
A0509,C0074
A0510,C0074
A0511,C0072
A0512,C0074
A0513,C0074
A0514,C0065
A0515,C0072
A0516,C0070
A0517,C0074
A0518,C0074
A0519,C0072
A0520,C0074
A0521,C0070
A0522,C0070
A0523,C0035
A0524,C0054
A0525,C0059
A0526,C0042,C0137
A0527,C0135
A0528,C0088
A0529,C0135
A0530,C0134
A0531,C0069,C0126
A0532,C0134
A0533,C0035
A0534,C0042,C0044
A0535,C0035
A0536,C0039
A0537,C0042,C0137
A0538,C0134
A0539,C0022
A0540,C0065
A0541,C0055
A0542,C0058
A0543,C0005,C0122
A0544,C0056
A0545,C0005,C0122
A0546,C0005,C0121
A0547,C0033
A0548,C0041
A0549,C0110,C0125
A0550,C0056
A0551,C0081
A0552,C0005,C0120
A0553,C0074,C0105
A0554,C0085,C0103
A0555,C0105,C0127
A0556,C0093,C0098
A0557,C0109
A0558,C0033
A0559,C0065,C0069
A0560,C0138
A0561,C0081
A0562,C0133
A0563,C0139
A0564,C0053
A0565,C0073
A0566,C0005,C0121
A0567,C0108
A0568,C0104
A0569,C0139
A0570,C0032
A0571,C0091
A0572,C0005,C0123
A0573,C0116
A0574,C0036
A0575,C0041
A0576,C0144
A0577,C0105
A0578,C0095
A0579,C0103
A0580,C0144
A0581,C0034
A0582,C0132
A0583,C0028,C0034
A0584,C0028,C0132
A0585,C0028
A0586,C0078,C0132
A0587,C0132
A0588,C0041
A0589,C0052
A0590,C0132
A0591,C0129
A0592,C0129
A0593,C0129
A0594,C0056
A0595,C0133
A0596,C0139
A0597,C0135
A0598,C0049
A0599,C0108
A0600,C0053
A0601,C0135
A0602,C0135
A0603,C0129
A0604,C0068
A0605,C0135
A0606,C0129
A0607,C0054
A0608,C0063
A0609,C0135
A0610,C0144
A0611,C0135
A0612,C0042
A0613,C0134
A0614,C0129
A0615,C0129
A0616,C0043
A0617,C0056
A0618,C0134
A0619,C0041
A0620,C0100
A0621,C0074
A0622,C0043
A0623,C0133
A0624,C0129
A0625,C0048
A0626,C0129
A0627,C0135
A0628,C0135
A0629,C0134
A0630,C0089
A0631,C0034,C0142
A0632,C0134
A0633,C0043
A0634,C0032
A0635,C0103
A0636,C0103
A0637,C0135
A0638,C0133
A0639,C0046,C0128
A0640,C0032
A0641,C0059
A0642,C0051
A0643,C0088
A0644,C0135
A0645,C0139
A0646,C0005,C0121
A0647,C0053
A0648,C0053
A0649,C0135
A0650,C0135
A0651,C0135
A0652,C0129
A0653,C0083
A0654,C0116
A0655,C0080
A0656,C0012
A0657,C0137
A0658,C0108
A0659,C0139
A0660,C0005,C0122
A0661,C0062
A0662,C0047
A0663,C0135
A0664,C0035
A0665,C0137
A0666,C0005,C0120
A0667,C0135
A0668,C0098,C0126
A0669,C0062
A0670,C0035
A0671,C0050
A0672,C0136
A0673,C0024
A0674,C0098,C0105,C0127
A0675,C0081
A0676,C0047
A0677,C0130
A0678,C0111
A0679,C0132
A0680,C0042
A0681,C0091
A0682,C0051
A0683,C0087
A0684,C0053
A0685,C0005,C0121
A0686,C0042
A0687,C0098
A0688,C0022
A0689,C0108
A0690,C0034
A0691,C0056
A0692,C0057
A0693,C0056
A0694,C0020,C0125
A0695,C0067
A0696,C0081
A0697,C0031
A0698,C0005,C0123
A0699,C0056
A0700,C0056,C0067
A0701,C0005,C0121
A0702,C0031
A0703,C0091
A0704,C0030
A0705,C0139
A0706,C0065
A0707,C0110
A0708,C0134
A0709,C0091
A0710,C0103
A0711,C0005,C0123
A0712,C0017
A0713,C0053
A0714,C0077
A0715,C0062
A0716,C0078
A0717,C0053
A0718,C0033
A0719,C0096
A0720,C0053
A0721,C0107
A0722,C0115
A0723,C0017
A0724,C0051
A0725,C0048
A0726,C0005,C0122
A0727,C0134
A0728,C0005,C0120
A0729,C0005,C0120
A0730,C0135
A0731,C0135
A0732,C0019
A0733,C0042
A0734,C0034
A0735,C0068
A0736,C0075
A0737,C0110
A0738,C0005,C0120
A0739,C0110
A0740,C0035
A0741,C0076
A0742,C0138
A0743,C0137
A0744,C0139
A0745,C0077
A0746,C0139
A0747,C0138
A0748,C0096
A0749,C0049,C0058
A0750,C0060
A0751,C0139
A0752,C0138
A0753,C0012
A0754,C0062
A0755,C0062
A0756,C0035
A0757,C0139
A0758,C0017
A0759,C0144
A0760,C0109
A0761,C0037
A0762,C0130
A0763,C0005,C0123
A0764,C0059
A0765,C0059
A0766,C0056
A0767,C0135
A0768,C0005,C0120
A0769,C0005,C0062
A0770,C0129
A0771,C0029
A0772,C0081
A0773,C0031
A0774,C0035
A0775,C0031
A0776,C0045
A0777,C0034
A0778,C0092
A0779,C0057
A0780,C0133
A0781,C0134
A0782,C0042
A0783,C0056
A0784,C0033
A0785,C0102,C0126
A0786,C0142
A0787,C0145
A0788,C0051
A0789,C0135
A0790,C0135
A0791,C0049
A0792,C0005,C0120
A0793,C0031
A0794,C0031
A0795,C0111
A0796,C0037
A0797,C0051
A0798,C0098,C0126
A0799,C0092
A0800,C0139
A0801,C0138
A0802,C0059
A0803,C0136
A0804,C0043
A0805,C0056
A0806,C0054
A0807,C0100
A0808,C0098
A0809,C0099
A0810,C0108
A0811,C0093
A0812,C0062
A0813,C0132
A0814,C0057
A0815,C0069
A0816,C0099
A0817,C0042,C0137
A0818,C0041
A0819,C0143
A0820,C0054
A0821,C0145
A0822,C0129
A0823,C0033,C0126
A0824,C0135
A0825,C0144
A0826,C0103
A0827,C0133
A0828,C0133
A0829,C0033
A0830,C0128
A0831,C0098
A0832,C0115
A0833,C0042
A0834,C0059
A0835,C0005,C0121
A0836,C0042,C0137
A0837,C0042,C0137
A0838,C0103
A0839,C0132
A0840,C0087
A0841,C0047
A0842,C0045
A0843,C0112
A0844,C0005,C0120
A0845,C0076
A0846,C0130
A0847,C0042,C0137
A0848,C0132
A0849,C0144
A0850,C0139
A0851,C0005,C0120
A0852,C0025,C0073
A0853,C0129
A0854,C0056
A0855,C0098
A0856,C0095
A0857,C0099
A0858,C0110
A0859,C0110
A0860,C0102,C0125
A0861,C0102,C0125
A0862,C0098
A0863,C0098
A0864,C0091
A0865,C0084
A0866,C0127
A0867,C0098
A0868,C0048
A0869,C0042
A0870,C0135
A0871,C0047
A0872,C0140
A0873,C0132
A0874,C0140
A0875,C0055
A0876,C0034
A0877,C0073
A0878,C0043
A0879,C0109
A0880,C0137
A0881,C0056
A0882,C0056
A0883,C0056
A0884,C0056
A0885,C0062
A0886,C0047
A0887,C0035
A0888,C0042
A0889,C0133
A0890,C0070,C0114
A0891,C0023
A0892,C0005,C0121
A0893,C0056
A0894,C0135
A0895,C0005,C0123
A0896,C0114
A0897,C0081
A0898,C0055
A0899,C0042,C0137
A0900,C0139
A0901,C0042
A0902,C0068
A0903,C0133
A0904,C0134
A0905,C0108
A0906,C0091
A0907,C0115,C0126
A0908,C0115
A0909,C0103
A0910,C0005,C0057,C0123
A0911,C0097
A0912,C0033,C0096
A0913,C0144
A0914,C0132
A0915,C0139
A0916,C0115
A0917,C0115
A0918,C0137
A0919,C0039
A0920,C0041
A0921,C0041
A0922,C0031
A0923,C0042,C0137
A0924,C0054
A0925,C0056
A0926,C0071
A0927,C0023
A0928,C0031
A0929,C0026
A0930,C0038
A0931,C0087
A0932,C0089
A0933,C0099
A0934,C0092
A0935,C0098
A0936,C0059
A0937,C0098
A0938,C0065,C0098
A0939,C0062
A0940,C0033,C0034
A0941,C0054
A0942,C0052
A0943,C0034
A0944,C0041
A0945,C0040
A0946,C0052
A0947,C0028,C0060
A0948,C0129
A0949,C0139
A0950,C0134
A0951,C0134
A0952,C0129
A0953,C0042
A0954,C0042,C0137
A0955,C0134
A0956,C0042
A0957,C0005,C0057
A0958,C0134
A0959,C0065
A0960,C0039
A0961,C0021
A0962,C0073
A0963,C0070
A0964,C0051
A0965,C0073
A0966,C0086,C0110
A0967,C0053
A0968,C0005,C0121
A0969,C0055
A0970,C0143
A0971,C0076
A0972,C0133
A0973,C0062
A0974,C0033,C0065
A0975,C0107
A0976,C0062
A0977,C0073
A0978,C0062
A0979,C0144
A0980,C0144
A0981,C0144
A0982,C0144
A0983,C0144
A0984,C0144
A0985,C0037
A0986,C0116
A0987,C0076
A0988,C0134
A0989,C0129
A0990,C0129
A0991,C0135
A0992,C0137
A0993,C0042,C0129
A0994,C0129
A0995,C0135
A0996,C0133
A0997,C0137
A0998,C0046
A0999,C0030
A1000,C0031
A1001,C0026
A1002,C0120
A1003,C0076
A1004,C0019
A1005,C0130
A1006,C0140
A1007,C0076
A1008,C0038
A1009,C0075
A1010,C0075
A1011,C0049
A1012,C0032
A1013,C0105
A1014,C0025
A1015,C0113
A1016,C0104
A1017,C0049
A1018,C0113
A1019,C0098
A1020,C0126
A1021,C0029
A1022,C0031
A1023,C0017
A1024,C0029
A1025,C0034
A1026,C0054
A1027,C0059
A1028,C0035
A1029,C0023,C0029
A1030,C0023
A1031,C0005,C0057
A1032,C0134
A1033,C0019,C0024
A1034,C0129
A1035,C0053
A1036,C0068
A1037,C0139
A1038,C0138
A1039,C0042,C0137
A1040,C0072
A1041,C0129
A1042,C0042
A1043,C0133
A1044,C0027
A1045,C0048
A1046,C0019
A1047,C0019
A1048,C0034
A1049,C0060
A1050,C0144
A1051,C0144
A1052,C0005,C0121
A1053,C0086
A1054,C0051,C0061
A1055,C0056
A1056,C0137
A1057,C0142
A1058,C0054
A1059,C0035
A1060,C0056
A1061,C0144
A1062,C0034
A1063,C0062
A1064,C0059
A1065,C0114,C0131
A1066,C0112,C0114
A1067,C0029
A1068,C0059
A1069,C0059,C0065
A1070,C0045
A1071,C0029
A1072,C0084
A1073,C0051
A1074,C0063
A1075,C0072
A1076,C0129
A1077,C0070
A1078,C0031
A1079,C0005,C0122
A1080,C0134
A1081,C0133
A1082,C0056
A1083,C0129
A1084,C0129
A1085,C0031,C0067
A1086,C0072,C0114
A1087,C0059
A1088,C0136
A1089,C0077
A1090,C0141
A1091,C0141
A1092,C0005,C0121
A1093,C0137
A1094,C0017
A1095,C0056
A1096,C0042,C0132
A1097,C0026
A1098,C0026
A1099,C0040
A1100,C0049
A1101,C0139
A1102,C0021
A1103,C0138
A1104,C0083
A1105,C0044,C0137
A1106,C0061,C0064
A1107,C0061,C0064
A1108,C0065
A1109,C0042,C0137
A1110,C0005,C0122
A1111,C0099
A1112,C0105
A1113,C0098
A1114,C0133
A1115,C0005,C0122
A1116,C0126
A1117,C0053
A1118,C0132
A1119,C0132
A1120,C0076
A1121,C0048
A1122,C0026
A1123,C0049
A1124,C0035
A1125,C0108
A1126,C0062
A1127,C0034
A1128,C0058
A1129,C0034
A1130,C0108
A1131,C0044
A1132,C0137
A1133,C0091
A1134,C0105
A1135,C0085
A1136,C0035
A1137,C0110
A1138,C0053
A1139,C0070
A1140,C0068
A1141,C0057
A1142,C0139
A1143,C0041
A1144,C0056
A1145,C0022
A1146,C0077
A1147,C0106
A1148,C0108
A1149,C0105
A1150,C0105
A1151,C0084
A1152,C0110
A1153,C0105
A1154,C0100
A1155,C0104
A1156,C0065
A1157,C0097,C0127
A1158,C0046
A1159,C0112
A1160,C0040
A1161,C0063
A1162,C0054
A1163,C0116
A1164,C0062
A1165,C0059
A1166,C0033
A1167,C0049
A1168,C0070
A1169,C0146
A1170,C0130
A1171,C0111
A1172,C0055
A1173,C0112
A1174,C0021
A1175,C0031
A1176,C0031
A1177,C0120
A1178,C0065,C0098
A1179,C0108
A1180,C0005,C0122
A1181,C0095
A1182,C0062
A1183,C0056
A1184,C0052,C0059
A1185,C0134
A1186,C0107
A1187,C0031
A1188,C0062
A1189,C0059
A1190,C0062
A1191,C0133
A1192,C0060
A1193,C0141
A1194,C0141
A1195,C0091
A1196,C0043
A1197,C0085
A1198,C0055
A1199,C0108
A1200,C0092
A1201,C0012
A1202,C0012
A1203,C0144
A1204,C0135
A1205,C0137
A1206,C0130
A1207,C0130
A1208,C0135
A1209,C0130
A1210,C0130
A1211,C0001
A1212,C0031
A1213,C0035
A1214,C0039
A1215,C0074
A1216,C0005,C0120
A1217,C0094
A1218,C0048
A1219,C0129
A1220,C0135
A1221,C0058
A1222,C0135
A1223,C0126
A1224,C0034
A1225,C0042,C0135
A1226,C0129
A1227,C0005,C0121
A1228,C0005,C0121
A1229,C0108
A1230,C0037
A1231,C0095
A1232,C0001
A1233,C0038
A1234,C0056
A1235,C0036
A1236,C0087
A1237,C0110
A1238,C0032
A1239,C0129
A1240,C0056
A1241,C0133
A1242,C0110
A1243,C0017,C0086
A1244,C0043
A1245,C0017
A1246,C0053
A1247,C0039
A1248,C0036
A1249,C0137
A1250,C0134
A1251,C0052
A1252,C0089
A1253,C0110
A1254,C0113
A1255,C0005,C0124
A1256,C0053
A1257,C0139
A1258,C0133
A1259,C0056
A1260,C0047
A1261,C0059
A1262,C0129
A1263,C0056
A1264,C0090
A1265,C0056
A1266,C0033
A1267,C0042
A1268,C0081
A1269,C0109
A1270,C0139
A1271,C0038
A1272,C0110
A1273,C0093
A1274,C0031
A1275,C0035
A1276,C0035
A1277,C0035
A1278,C0129
A1279,C0024
A1280,C0105
A1281,C0135
A1282,C0146
A1283,C0052
A1284,C0061
A1285,C0133
A1286,C0114
A1287,C0048
A1288,C0049
A1289,C0081
A1290,C0005,C0123
A1291,C0005,C0121
A1292,C0115
A1293,C0068
A1294,C0137
A1295,C0132
A1296,C0022
A1297,C0022
A1298,C0022
A1299,C0022
A1300,C0022
A1301,C0022
A1302,C0022
A1303,C0022
A1304,C0005,C0121
A1305,C0133
A1306,C0110
A1307,C0133,C0138
A1308,C0056
A1309,C0100,C0144
A1310,C0062
A1311,C0105
A1312,C0097
A1313,C0027
A1314,C0062
A1315,C0027
A1316,C0069
A1317,C0126
A1318,C0102,C0126
A1319,C0102,C0126
A1320,C0102,C0126
A1321,C0099
A1322,C0093
A1323,C0102,C0128
A1324,C0102,C0128
A1325,C0125
A1326,C0126
A1327,C0102,C0107,C0126
A1328,C0098,C0126
A1329,C0061
A1330,C0052,C0061
A1331,C0070
A1332,C0042
A1333,C0005,C0120
A1334,C0066
A1335,C0034
A1336,C0098,C0126
A1337,C0139
A1338,C0049
A1339,C0051
A1340,C0092
A1341,C0052
A1342,C0005,C0121
A1343,C0065,C0098
A1344,C0053
A1345,C0031
A1346,C0142
A1347,C0142
A1348,C0034
A1349,C0142
A1350,C0142
A1351,C0142
A1352,C0142
A1353,C0034
A1354,C0034
A1355,C0034
A1356,C0012
A1357,C0012
A1358,C0012
A1359,C0137
A1360,C0135
A1361,C0129
A1362,C0135
A1363,C0129
A1364,C0098
A1365,C0113
A1366,C0105,C0127
A1367,C0105,C0128
A1368,C0102
A1369,C0125
A1370,C0103
A1371,C0078
A1372,C0104
A1373,C0031
A1374,C0091
A1375,C0040,C0133
A1376,C0129
A1377,C0038
A1378,C0113
A1379,C0019
A1380,C0129
A1381,C0144
A1382,C0080
A1383,C0133
A1384,C0143
A1385,C0034
A1386,C0056
A1387,C0127
A1388,C0054
A1389,C0125
A1390,C0081
A1391,C0067
A1392,C0126
A1393,C0085
A1394,C0034,C0077
A1395,C0143
A1396,C0028
A1397,C0140
A1398,C0059
A1399,C0101
A1400,C0137
A1401,C0065,C0085
A1402,C0115
A1403,C0029
A1404,C0005,C0120
A1405,C0139
A1406,C0103
A1407,C0062
A1408,C0144
A1409,C0005,C0120
A1410,C0110
A1411,C0096,C0127
A1412,C0059
A1413,C0074
A1414,C0063
A1415,C0134
A1416,C0081
A1417,C0132
A1418,C0005,C0122
A1419,C0138
A1420,C0028,C0113
A1421,C0005,C0120
A1422,C0135
A1423,C0026
A1424,C0100
A1425,C0012
A1426,C0136
A1427,C0058
A1428,C0129
A1429,C0129
A1430,C0129
A1431,C0129
A1432,C0129
A1433,C0021
A1434,C0053
A1435,C0129
A1436,C0129
A1437,C0129
A1438,C0031
A1439,C0145
A1440,C0031
A1441,C0139
A1442,C0089
A1443,C0031
A1444,C0130
A1445,C0105
A1446,C0091
A1447,C0053
A1448,C0131
A1449,C0028,C0031
A1450,C0113
A1451,C0145
A1452,C0145
A1453,C0017
A1454,C0129
A1455,C0028,C0132
A1456,C0144
A1457,C0144
A1458,C0133
A1459,C0052
A1460,C0133
A1461,C0110
A1462,C0032,C0070
A1463,C0032,C0070
A1464,C0045
A1465,C0046
A1466,C0035
A1467,C0031
A1468,C0053
A1469,C0129
A1470,C0034
A1471,C0005,C0121
A1472,C0023,C0040
A1473,C0061
A1474,C0108
A1475,C0056
A1476,C0031
A1477,C0040
A1478,C0042,C0133
A1479,C0132
A1480,C0129
A1481,C0046
A1482,C0029
A1483,C0005,C0057
A1484,C0078
A1485,C0060
A1486,C0092
A1487,C0103
A1488,C0037
A1489,C0045
A1490,C0042,C0137
A1491,C0097
A1492,C0053
A1493,C0144
A1494,C0139
A1495,C0137
A1496,C0058
A1497,C0042
A1498,C0133
A1499,C0035
A1500,C0034
A1501,C0083
A1502,C0105
A1503,C0129
A1504,C0005,C0057
A1505,C0041
A1506,C0038
A1507,C0038
A1508,C0022
A1509,C0019
A1510,C0017
A1511,C0005,C0122
A1512,C0140
A1513,C0070
A1514,C0129
A1515,C0048
A1516,C0116
A1517,C0072,C0114
A1518,C0072
A1519,C0035
A1520,C0134
A1521,C0042
A1522,C0054
A1523,C0054
A1524,C0054
A1525,C0054
A1526,C0054
A1527,C0054
A1528,C0054
A1529,C0129
A1530,C0053
A1531,C0112,C0114
A1532,C0081
A1533,C0082
A1534,C0063
A1535,C0052,C0061
A1536,C0076
A1537,C0099,C0127
A1538,C0062
A1539,C0035
A1540,C0080
A1541,C0137
A1542,C0108
A1543,C0139
A1544,C0087
A1545,C0042
A1546,C0133,C0138
A1547,C0089
A1548,C0065,C0112
A1549,C0042
A1550,C0045
A1551,C0045
A1552,C0143
A1553,C0066
A1554,C0054,C0137
A1555,C0138
A1556,C0045
A1557,C0041
A1558,C0033
A1559,C0075
A1560,C0034,C0035
A1561,C0034,C0036
A1562,C0059
A1563,C0028,C0143
A1564,C0059
A1565,C0071
A1566,C0135
A1567,C0103
A1568,C0012
A1569,C0005,C0122
A1570,C0071
A1571,C0099
A1572,C0104
A1573,C0099,C0128
A1574,C0098,C0125
A1575,C0033
A1576,C0107
A1577,C0092
A1578,C0139
A1579,C0033
A1580,C0084
A1581,C0053
A1582,C0098
A1583,C0109
A1584,C0109
A1585,C0068
A1586,C0110
A1587,C0103
A1588,C0105
A1589,C0105
A1590,C0098
A1591,C0098
A1592,C0049
A1593,C0005,C0121
A1594,C0046
A1595,C0005,C0057
A1596,C0068
A1597,C0050
A1598,C0081
A1599,C0059
A1600,C0104
A1601,C0001
A1602,C0134
A1603,C0042
A1604,C0134
A1605,C0144
A1606,C0053
A1607,C0075
A1608,C0031
A1609,C0012
A1610,C0136
A1611,C0081
A1612,C0136
A1613,C0110
A1614,C0065
A1615,C0076
A1616,C0079
A1617,C0079
A1618,C0075,C0078
A1619,C0005,C0120
A1620,C0049
A1621,C0139
A1622,C0005,C0121
A1623,C0129
A1624,C0144
A1625,C0059
A1626,C0137
A1627,C0093,C0096
A1628,C0067
A1629,C0130
A1630,C0139
A1631,C0064
A1632,C0043
A1633,C0012
A1634,C0111
A1635,C0055
A1636,C0134
A1637,C0055
A1638,C0089
A1639,C0044
A1640,C0023
A1641,C0044
A1642,C0143
A1643,C0144
A1644,C0034
A1645,C0034
A1646,C0035
A1647,C0135
A1648,C0142
A1649,C0107
A1650,C0005,C0124
A1651,C0135
A1652,C0026
A1653,C0044
A1654,C0035
A1655,C0132
A1656,C0132
A1657,C0053
A1658,C0098
A1659,C0053
A1660,C0129
A1661,C0054
A1662,C0049
A1663,C0055
A1664,C0053
A1665,C0062
A1666,C0059
A1667,C0056
A1668,C0059
A1669,C0012
A1670,C0100
A1671,C0099
A1672,C0074,C0101
A1673,C0110
A1674,C0110
A1675,C0107
A1676,C0109
A1677,C0085,C0110
A1678,C0102,C0127
A1679,C0102
A1680,C0102,C0127
A1681,C0102,C0125
A1682,C0101
A1683,C0102,C0128
A1684,C0102,C0128
A1685,C0109
A1686,C0109
A1687,C0051
A1688,C0005,C0122
A1689,C0110
A1690,C0109
A1691,C0070,C0072,C0114
A1692,C0081
A1693,C0073
A1694,C0139
A1695,C0005,C0122
A1696,C0071
A1697,C0005,C0120
A1698,C0115
A1699,C0053
A1700,C0135
A1701,C0137
A1702,C0135
A1703,C0056
A1704,C0130
A1705,C0108
A1706,C0135
A1707,C0085,C0103
A1708,C0033,C0066
A1709,C0054
A1710,C0062
A1711,C0052
A1712,C0056
A1713,C0141
A1714,C0034
A1715,C0089
A1716,C0020
A1717,C0044,C0045
A1718,C0144
A1719,C0144
A1720,C0144
A1721,C0144
A1722,C0031
A1723,C0054
A1724,C0028
A1725,C0028,C0052
A1726,C0022
A1727,C0086
A1728,C0144
A1729,C0125
A1730,C0096
A1731,C0079
A1732,C0043
A1733,C0055
A1734,C0111
A1735,C0139
A1736,C0138
A1737,C0022
A1738,C0129
A1739,C0129
A1740,C0049
A1741,C0134
A1742,C0062
A1743,C0041
A1744,C0079
A1745,C0129
A1746,C0105
A1747,C0106
A1748,C0135
A1749,C0137
A1750,C0053
A1751,C0100
A1752,C0031
A1753,C0031
A1754,C0062
A1755,C0055
A1756,C0062
A1757,C0033,C0035
A1758,C0033,C0035
A1759,C0062
A1760,C0046
A1761,C0048
A1762,C0060
A1763,C0073
A1764,C0042
A1765,C0083
A1766,C0143
A1767,C0135
A1768,C0134
A1769,C0041
A1770,C0129
A1771,C0057
A1772,C0129
A1773,C0031,C0067
A1774,C0129
A1775,C0144
A1776,C0129
A1777,C0129
A1778,C0054
A1779,C0064
A1780,C0065
A1781,C0033,C0065
A1782,C0144
A1783,C0062
A1784,C0054
A1785,C0129
A1786,C0129
A1787,C0033
A1788,C0056
A1789,C0144
A1790,C0134
A1791,C0134
A1792,C0135
A1793,C0115
A1794,C0005,C0122
A1795,C0072
A1796,C0112
A1797,C0129
A1798,C0052
A1799,C0005,C0062
A1800,C0108
A1801,C0099
A1802,C0089
A1803,C0041
A1804,C0005,C0121
A1805,C0135
A1806,C0012
A1807,C0109
A1808,C0005,C0121
A1809,C0005,C0057
A1810,C0055
A1811,C0005,C0121
A1812,C0056
A1813,C0096
A1814,C0019
A1815,C0005,C0120
A1816,C0005,C0120
A1817,C0039
A1818,C0087
A1819,C0054
A1820,C0129
A1821,C0140
A1822,C0087
A1823,C0103
A1824,C0096
A1825,C0005,C0121
A1826,C0055
A1827,C0060
A1828,C0085
A1829,C0110
A1830,C0133
A1831,C0144
A1832,C0144
A1833,C0144
A1834,C0144
A1835,C0144
A1836,C0144
A1837,C0133
A1838,C0049
A1839,C0032
A1840,C0020
A1841,C0079
A1842,C0144
A1843,C0068
A1844,C0033,C0126
A1845,C0133
A1846,C0139
A1847,C0005,C0121
A1848,C0105
A1849,C0134
A1850,C0044
A1851,C0053
A1852,C0071
A1853,C0065
A1854,C0056
A1855,C0056
A1856,C0098
A1857,C0055
A1858,C0126
A1859,C0066
A1860,C0049
A1861,C0045
A1862,C0047
A1863,C0020
A1864,C0105
A1865,C0105
A1866,C0129
A1867,C0084
A1868,C0109
A1869,C0042
A1870,C0098
A1871,C0139
A1872,C0098
A1873,C0129
A1874,C0129
A1875,C0129
A1876,C0034,C0045
A1877,C0144
A1878,C0133
A1879,C0050
A1880,C0143
A1881,C0065
A1882,C0081
A1883,C0056
A1884,C0053
A1885,C0065,C0098
A1886,C0098
A1887,C0136
A1888,C0114,C0144
A1889,C0139
A1890,C0065
A1891,C0031
A1892,C0129
A1893,C0053
A1894,C0136
A1895,C0092
A1896,C0086,C0110
A1897,C0104
A1898,C0091
A1899,C0096
A1900,C0098
A1901,C0102,C0126
A1902,C0102,C0126
A1903,C0102,C0126
A1904,C0102,C0126
A1905,C0110
A1906,C0092
A1907,C0096
A1908,C0097
A1909,C0103
A1910,C0091
A1911,C0102
A1912,C0102,C0125,C0126
A1913,C0102,C0126
A1914,C0102,C0126
A1915,C0103,C0128
A1916,C0133
A1917,C0133
A1918,C0065
A1919,C0098
A1920,C0044
A1921,C0109
A1922,C0144
A1923,C0132
A1924,C0108
A1925,C0098
A1926,C0070
A1927,C0070
A1928,C0069
A1929,C0129
A1930,C0130
A1931,C0129
A1932,C0088
A1933,C0137
A1934,C0082
A1935,C0107,C0126
A1936,C0055
A1937,C0088
A1938,C0081
A1939,C0115
A1940,C0089
A1941,C0099
A1942,C0135
A1943,C0092
A1944,C0105
A1945,C0067
A1946,C0071
A1947,C0126
A1948,C0071
A1949,C0115
A1950,C0068
A1951,C0068
A1952,C0068
A1953,C0068
A1954,C0059
A1955,C0065
A1956,C0068
A1957,C0068
A1958,C0071
A1959,C0071
A1960,C0071
A1961,C0071
A1962,C0073
A1963,C0068
A1964,C0071
A1965,C0068
A1966,C0068
A1967,C0073
A1968,C0068
A1969,C0073
A1970,C0071
A1971,C0073
A1972,C0073,C0076
A1973,C0031
A1974,C0027
A1975,C0024
A1976,C0070
A1977,C0017,C0068
A1978,C0073
A1979,C0137
A1980,C0067,C0143
A1981,C0067
A1982,C0068
A1983,C0071
A1984,C0030,C0079
A1985,C0068
A1986,C0068
A1987,C0068
A1988,C0070
A1989,C0047
A1990,C0067,C0068
A1991,C0105
A1992,C0055
A1993,C0033
A1994,C0081
A1995,C0139
A1996,C0068
A1997,C0110
A1998,C0037
A1999,C0135
A2000,C0005,C0121
A2001,C0042
A2002,C0134
A2003,C0005,C0123
A2004,C0034
A2005,C0046
A2006,C0101
A2007,C0049
A2008,C0135
A2009,C0032
A2010,C0033,C0040
A2011,C0129
A2012,C0129
A2013,C0031
A2014,C0022
A2015,C0062
A2016,C0032,C0034
A2017,C0084
A2018,C0057
A2019,C0080
A2020,C0054,C0062
A2021,C0144
A2022,C0144
A2023,C0145
A2024,C0054
A2025,C0103
A2026,C0135
A2027,C0133
A2028,C0023
A2029,C0029
A2030,C0113
A2031,C0027
A2032,C0101
A2033,C0040,C0133
A2034,C0135
A2035,C0094
A2036,C0059
A2037,C0126
A2038,C0005,C0122
A2039,C0133
A2040,C0133
A2041,C0061
A2042,C0061
A2043,C0064
A2044,C0061
A2045,C0061
A2046,C0061
A2047,C0064
A2048,C0061
A2049,C0061
A2050,C0061
A2051,C0064
A2052,C0061
A2053,C0064
A2054,C0061
A2055,C0061
A2056,C0061
A2057,C0064
A2058,C0062
A2059,C0061
A2060,C0064
A2061,C0061
A2062,C0061
A2063,C0101
A2064,C0063
A2065,C0056
A2066,C0138
A2067,C0139
A2068,C0138
A2069,C0059
A2070,C0135
A2071,C0134
A2072,C0130
A2073,C0033
A2074,C0034,C0076
A2075,C0034
A2076,C0116
A2077,C0088
A2078,C0065,C0107
A2079,C0138,C0143
A2080,C0052
A2081,C0045
A2082,C0054
A2083,C0005,C0122
A2084,C0059
A2085,C0130
A2086,C0099
A2087,C0114
A2088,C0059
A2089,C0103
A2090,C0130
A2091,C0098
A2092,C0083
A2093,C0104
A2094,C0075
A2095,C0070
A2096,C0017
A2097,C0065,C0068
A2098,C0022
A2099,C0005,C0123
A2100,C0027
A2101,C0054
A2102,C0129
A2103,C0035
A2104,C0055
A2105,C0047
A2106,C0031
A2107,C0105
A2108,C0139
A2109,C0065
A2110,C0005,C0123
A2111,C0081
A2112,C0130
A2113,C0142
A2114,C0055
A2115,C0065
A2116,C0068
A2117,C0019
A2118,C0012,C0040
A2119,C0019
A2120,C0056
A2121,C0134
A2122,C0133
A2123,C0076,C0142
A2124,C0020
A2125,C0133
A2126,C0076
A2127,C0029
A2128,C0081
A2129,C0025,C0031
A2130,C0145
A2131,C0023
A2132,C0029
A2133,C0030,C0079
A2134,C0078
A2135,C0029
A2136,C0143
A2137,C0070
A2138,C0073
A2139,C0028
A2140,C0136
A2141,C0019
A2142,C0139
A2143,C0070
A2144,C0056
A2145,C0005,C0124
A2146,C0063
A2147,C0005,C0124
A2148,C0070
A2149,C0073
A2150,C0005,C0122
A2151,C0126
A2152,C0139
A2153,C0056
A2154,C0063
A2155,C0085
A2156,C0086
A2157,C0059,C0139
A2158,C0138
A2159,C0065
A2160,C0090
A2161,C0071
A2162,C0028,C0054
A2163,C0107
A2164,C0110
A2165,C0101
A2166,C0093
A2167,C0096
A2168,C0055
A2169,C0066
A2170,C0111
A2171,C0115
A2172,C0031
A2173,C0135
A2174,C0056
A2175,C0056
A2176,C0056
A2177,C0143
A2178,C0005,C0124
A2179,C0054
A2180,C0053
A2181,C0017
A2182,C0072
A2183,C0089
A2184,C0005,C0122
A2185,C0098
A2186,C0141
A2187,C0129
A2188,C0126
A2189,C0098
A2190,C0096,C0128
A2191,C0110
A2192,C0092
A2193,C0110
A2194,C0020
A2195,C0110
A2196,C0135
A2197,C0048
A2198,C0129
A2199,C0108
A2200,C0098
A2201,C0125
A2202,C0092
A2203,C0097
A2204,C0055
A2205,C0091
A2206,C0005,C0121
A2207,C0041
A2208,C0109
A2209,C0105
A2210,C0093
A2211,C0097
A2212,C0099
A2213,C0105,C0109
A2214,C0102,C0125
A2215,C0102,C0125
A2216,C0110
A2217,C0109
A2218,C0110
A2219,C0109
A2220,C0091
A2221,C0106
A2222,C0093,C0096
A2223,C0053
A2224,C0110
A2225,C0084
A2226,C0091
A2227,C0005,C0123
A2228,C0082
A2229,C0074
A2230,C0021
A2231,C0057
A2232,C0041
A2233,C0089
A2234,C0104
A2235,C0073
A2236,C0111
A2237,C0104
A2238,C0056
A2239,C0056
A2240,C0058
A2241,C0108
A2242,C0107,C0111
A2243,C0038
A2244,C0034
A2245,C0063
A2246,C0017
A2247,C0137
A2248,C0109
A2249,C0095
A2250,C0101
A2251,C0107,C0126
A2252,C0098
A2253,C0103
A2254,C0103
A2255,C0110
A2256,C0096
A2257,C0093
A2258,C0103
A2259,C0049
A2260,C0107
A2261,C0109
A2262,C0035
A2263,C0097
A2264,C0107
A2265,C0092
A2266,C0100
A2267,C0109
A2268,C0073
A2269,C0096
A2270,C0105
A2271,C0105
A2272,C0104
A2273,C0096
A2274,C0105
A2275,C0022
A2276,C0108
A2277,C0086,C0110
A2278,C0110
A2279,C0101
A2280,C0110
A2281,C0107
A2282,C0109
A2283,C0092
A2284,C0110
A2285,C0105
A2286,C0102,C0126
A2287,C0100
A2288,C0098
A2289,C0057
A2290,C0126
A2291,C0108
A2292,C0098
A2293,C0005,C0124
A2294,C0058
A2295,C0035
A2296,C0110
A2297,C0103
A2298,C0105
A2299,C0085
A2300,C0069
A2301,C0097
A2302,C0115
A2303,C0039
A2304,C0098
A2305,C0073
A2306,C0061
A2307,C0043
A2308,C0042
A2309,C0146
A2310,C0112
A2311,C0059
A2312,C0031
A2313,C0073
A2314,C0051
A2315,C0042,C0137
A2316,C0129
A2317,C0129
A2318,C0135
A2319,C0062
A2320,C0055
A2321,C0070
A2322,C0053
A2323,C0096
A2324,C0105
A2325,C0104
A2326,C0055
A2327,C0070
A2328,C0074
A2329,C0005,C0123
A2330,C0091
A2331,C0005,C0120
A2332,C0055
A2333,C0129
A2334,C0053
A2335,C0091
A2336,C0110
A2337,C0049
A2338,C0063
A2339,C0128
A2340,C0084
A2341,C0053
A2342,C0049
A2343,C0082
A2344,C0065,C0126
A2345,C0041
A2346,C0041
A2347,C0057
A2348,C0063
A2349,C0057
A2350,C0129
A2351,C0017
A2352,C0133
A2353,C0024,C0115
A2354,C0055
A2355,C0105
A2356,C0113
A2357,C0055
A2358,C0099
A2359,C0129
A2360,C0005,C0123
A2361,C0055
A2362,C0005,C0122
A2363,C0034,C0070
A2364,C0055
A2365,C0037
A2366,C0134
A2367,C0139
A2368,C0031,C0071
A2369,C0055
A2370,C0085
A2371,C0144
A2372,C0103
A2373,C0133
A2374,C0005,C0124
A2375,C0058
A2376,C0103
A2377,C0028
A2378,C0005,C0123
A2379,C0092
A2380,C0073
A2381,C0068
A2382,C0051
A2383,C0061
A2384,C0090
A2385,C0049
A2386,C0073,C0145
A2387,C0049
A2388,C0054
A2389,C0057
A2390,C0054
A2391,C0056
A2392,C0049
A2393,C0049
A2394,C0049
A2395,C0049
A2396,C0062
A2397,C0054
A2398,C0054
A2399,C0054
A2400,C0049,C0054
A2401,C0051
A2402,C0055
A2403,C0049
A2404,C0049
A2405,C0055
A2406,C0108
A2407,C0036
A2408,C0022
A2409,C0059
A2410,C0059
A2411,C0081
A2412,C0139
A2413,C0005,C0123
A2414,C0104
A2415,C0053
A2416,C0062
A2417,C0116
A2418,C0081
A2419,C0051
A2420,C0082
A2421,C0005,C0122
A2422,C0091
A2423,C0108
A2424,C0137
A2425,C0029
A2426,C0044
A2427,C0139
A2428,C0029,C0125
A2429,C0088
A2430,C0139
A2431,C0138
A2432,C0031
A2433,C0033
A2434,C0005,C0124
A2435,C0056
A2436,C0043
A2437,C0056
A2438,C0097
A2439,C0044
A2440,C0042,C0137
A2441,C0137
A2442,C0137
A2443,C0133
A2444,C0144
A2445,C0110
A2446,C0105
A2447,C0092,C0096
A2448,C0100
A2449,C0056
A2450,C0005,C0120
A2451,C0130
A2452,C0042,C0137
A2453,C0061,C0073
A2454,C0055
A2455,C0031
A2456,C0031
A2457,C0031
A2458,C0005,C0120
A2459,C0031
A2460,C0027,C0044
A2461,C0065
A2462,C0031
A2463,C0049
A2464,C0005,C0120
A2465,C0005,C0122
A2466,C0132
A2467,C0143
A2468,C0065
A2469,C0086
A2470,C0034
A2471,C0053
A2472,C0049
A2473,C0051
A2474,C0053
A2475,C0036
A2476,C0036
A2477,C0116
A2478,C0012
A2479,C0082
A2480,C0038
A2481,C0129
A2482,C0094
A2483,C0095
A2484,C0078
A2485,C0135
A2486,C0133
A2487,C0141
A2488,C0053
A2489,C0049
A2490,C0115
A2491,C0055
A2492,C0062
A2493,C0053,C0073
A2494,C0053
A2495,C0098
A2496,C0062
A2497,C0057
A2498,C0067
A2499,C0051
A2500,C0045
A2501,C0062
A2502,C0023
A2503,C0062
A2504,C0021
A2505,C0054
A2506,C0031
A2507,C0139,C0140
A2508,C0042
A2509,C0054
A2510,C0073,C0128
A2511,C0060
A2512,C0102
A2513,C0143
A2514,C0107
A2515,C0054
A2516,C0054
A2517,C0027
A2518,C0042
A2519,C0054
A2520,C0027
A2521,C0080
A2522,C0139
A2523,C0138
A2524,C0005,C0122
A2525,C0084
A2526,C0056
A2527,C0047
A2528,C0035
A2529,C0056
A2530,C0098,C0126
A2531,C0031
A2532,C0031
A2533,C0059
A2534,C0056
A2535,C0081
A2536,C0113
A2537,C0019
A2538,C0049
A2539,C0056
A2540,C0033
A2541,C0035
A2542,C0056
A2543,C0034
A2544,C0038
A2545,C0129
A2546,C0129
A2547,C0042,C0137
A2548,C0032,C0126
A2549,C0037
A2550,C0107
A2551,C0025
A2552,C0041
A2553,C0062
A2554,C0048
A2555,C0065
A2556,C0108
A2557,C0103
A2558,C0105
A2559,C0103
A2560,C0099
A2561,C0098
A2562,C0062
A2563,C0137
A2564,C0040
A2565,C0092
A2566,C0104
A2567,C0103
A2568,C0074
A2569,C0144
A2570,C0144
A2571,C0133
A2572,C0049
A2573,C0139
A2574,C0005,C0122
A2575,C0053
A2576,C0133
A2577,C0109
A2578,C0035
A2579,C0053
A2580,C0048
A2581,C0035
A2582,C0035
A2583,C0036,C0056
A2584,C0036,C0056
A2585,C0036,C0056
A2586,C0036
A2587,C0055
A2588,C0086
A2589,C0102
A2590,C0053,C0065
A2591,C0051,C0065
A2592,C0076
A2593,C0062
A2594,C0005,C0120
A2595,C0085
A2596,C0053
A2597,C0018
A2598,C0129
A2599,C0049,C0058
A2600,C0043
A2601,C0035
A2602,C0059
A2603,C0126
A2604,C0139
A2605,C0142
A2606,C0142
A2607,C0129
A2608,C0065
A2609,C0105
A2610,C0043
A2611,C0105
A2612,C0130
A2613,C0137
A2614,C0068
A2615,C0133
A2616,C0062
A2617,C0005,C0120
A2618,C0005,C0123
A2619,C0126
A2620,C0126
A2621,C0107
A2622,C0005,C0123
A2623,C0005,C0120
A2624,C0129
A2625,C0005,C0122
A2626,C0055
A2627,C0130
A2628,C0135
A2629,C0130
A2630,C0062
A2631,C0043
A2632,C0056
A2633,C0047
A2634,C0063
A2635,C0139
A2636,C0042,C0137
A2637,C0071
A2638,C0012
A2639,C0055
A2640,C0126
A2641,C0098
A2642,C0019
A2643,C0105
A2644,C0054
A2645,C0049
A2646,C0108
A2647,C0107
A2648,C0110
A2649,C0097
A2650,C0108
A2651,C0105
A2652,C0105
A2653,C0056
A2654,C0012
A2655,C0134
A2656,C0094
A2657,C0038
A2658,C0042,C0137
A2659,C0098
A2660,C0110
A2661,C0033
A2662,C0108
A2663,C0019
A2664,C0075
A2665,C0146
A2666,C0145
A2667,C0145
A2668,C0053
A2669,C0057
A2670,C0073,C0074
A2671,C0127
A2672,C0107
A2673,C0105
A2674,C0109
A2675,C0108
A2676,C0005,C0121
A2677,C0103
A2678,C0031
A2679,C0102,C0125
A2680,C0102,C0125
A2681,C0102,C0125
A2682,C0110
A2683,C0127
A2684,C0110
A2685,C0049
A2686,C0035
A2687,C0030,C0048
A2688,C0130
A2689,C0138
A2690,C0012
A2691,C0012
A2692,C0126
A2693,C0012
A2694,C0110
A2695,C0143
A2696,C0092
A2697,C0059,C0062
A2698,C0005,C0120
A2699,C0005,C0120
A2700,C0065
A2701,C0070,C0074
A2702,C0093
A2703,C0099
A2704,C0142
A2705,C0065
A2706,C0112
A2707,C0120
A2708,C0049
A2709,C0090
A2710,C0059
A2711,C0133
A2712,C0012
A2713,C0042
A2714,C0115
A2715,C0143
A2716,C0070
A2717,C0133
A2718,C0126
A2719,C0083,C0126
A2720,C0089,C0126
A2721,C0054
A2722,C0038
A2723,C0139
A2724,C0055
A2725,C0057
A2726,C0139
A2727,C0056
A2728,C0133
A2729,C0131
A2730,C0137
A2731,C0138
A2732,C0022,C0031
A2733,C0126
A2734,C0139
A2735,C0146
A2736,C0062
A2737,C0080
A2738,C0065
A2739,C0063
A2740,C0140
A2741,C0141
A2742,C0059
A2743,C0144
A2744,C0144
A2745,C0061
A2746,C0052
A2747,C0144
A2748,C0005,C0062
A2749,C0062
A2750,C0062
A2751,C0094
A2752,C0108
A2753,C0107
A2754,C0099
A2755,C0092
A2756,C0062
A2757,C0108
A2758,C0130
A2759,C0034
A2760,C0020,C0078
A2761,C0078
A2762,C0068
A2763,C0054
A2764,C0057
A2765,C0110
A2766,C0105
A2767,C0053
A2768,C0103
A2769,C0133
A2770,C0031
A2771,C0070
A2772,C0070
A2773,C0070
A2774,C0070
A2775,C0039
A2776,C0137
A2777,C0039
A2778,C0144
A2779,C0109
A2780,C0056
A2781,C0113
A2782,C0060
A2783,C0065
A2784,C0036
A2785,C0022
A2786,C0019
A2787,C0130
A2788,C0062
A2789,C0062
A2790,C0065
A2791,C0048
A2792,C0059
A2793,C0145
A2794,C0137
A2795,C0091
A2796,C0062
A2797,C0062
A2798,C0129
A2799,C0131
A2800,C0132
A2801,C0135
A2802,C0088
A2803,C0068
A2804,C0085
A2805,C0049
A2806,C0060
A2807,C0005,C0122
A2808,C0063
A2809,C0135
A2810,C0139
A2811,C0143
A2812,C0017
A2813,C0005,C0122
A2814,C0046
A2815,C0031
A2816,C0031
A2817,C0137
A2818,C0021
A2819,C0065
A2820,C0065
A2821,C0055
A2822,C0135
A2823,C0135
A2824,C0130
A2825,C0043
A2826,C0049
A2827,C0005,C0122
A2828,C0051
A2829,C0062
A2830,C0035
A2831,C0005,C0121
A2832,C0048
A2833,C0144
A2834,C0145
A2835,C0076
A2836,C0056
A2837,C0129
A2838,C0056
A2839,C0048
A2840,C0137
A2841,C0115
A2842,C0071
A2843,C0005,C0120
A2844,C0133,C0138
A2845,C0044
A2846,C0017
A2847,C0056
A2848,C0115
A2849,C0137
A2850,C0107
A2851,C0143
A2852,C0062
A2853,C0054,C0055
A2854,C0049
A2855,C0049
A2856,C0057
A2857,C0055
A2858,C0062
A2859,C0062
A2860,C0062
A2861,C0055
A2862,C0053
A2863,C0135
A2864,C0005,C0120
A2865,C0078
A2866,C0144
A2867,C0107
A2868,C0108
A2869,C0105
A2870,C0110
A2871,C0093
A2872,C0026
A2873,C0133
A2874,C0132
A2875,C0055
A2876,C0066
A2877,C0053
A2878,C0057
A2879,C0058
A2880,C0089
A2881,C0089
A2882,C0089
A2883,C0089
A2884,C0089
A2885,C0089
A2886,C0089
A2887,C0089
A2888,C0089
A2889,C0089
A2890,C0089
A2891,C0089
A2892,C0089
A2893,C0089
A2894,C0089
A2895,C0089
A2896,C0089
A2897,C0089
A2898,C0087
A2899,C0137
A2900,C0042
A2901,C0130
A2902,C0005,C0123
A2903,C0132
A2904,C0133
A2905,C0133
A2906,C0113
A2907,C0083
A2908,C0134
A2909,C0031
A2910,C0108
A2911,C0073
A2912,C0081
A2913,C0049
A2914,C0135
A2915,C0111
A2916,C0005,C0120
A2917,C0133
A2918,C0098
A2919,C0072
A2920,C0079
A2921,C0012
A2922,C0062
A2923,C0091
A2924,C0055
A2925,C0088
A2926,C0017,C0033
A2927,C0046
A2928,C0056
A2929,C0026,C0031
A2930,C0026
A2931,C0059
A2932,C0019,C0138
A2933,C0131
A2934,C0132
A2935,C0057
A2936,C0074
A2937,C0062
A2938,C0074
A2939,C0074
A2940,C0040
A2941,C0055
A2942,C0048
A2943,C0097
A2944,C0103
A2945,C0105
A2946,C0136
A2947,C0017
A2948,C0139
A2949,C0139
A2950,C0005,C0123
A2951,C0137
A2952,C0133
A2953,C0146
A2954,C0139
A2955,C0045
A2956,C0005,C0122
A2957,C0005,C0121
A2958,C0143
A2959,C0057
A2960,C0055
A2961,C0047
A2962,C0056
A2963,C0062
A2964,C0035
A2965,C0005,C0057
A2966,C0144
A2967,C0062
A2968,C0056
A2969,C0056
A2970,C0037
A2971,C0030
A2972,C0048
A2973,C0062
A2974,C0005,C0121
A2975,C0104
A2976,C0103
A2977,C0018
A2978,C0139
A2979,C0135
A2980,C0093
A2981,C0093
A2982,C0137
A2983,C0005,C0120
A2984,C0049
A2985,C0005,C0120
A2986,C0129
A2987,C0093,C0096
A2988,C0103
A2989,C0049
A2990,C0088
A2991,C0084
A2992,C0020,C0038
A2993,C0038
A2994,C0038
A2995,C0139
A2996,C0090
A2997,C0059,C0140
A2998,C0139
A2999,C0132,C0140
A3000,C0132,C0140
A3001,C0057
A3002,C0082
A3003,C0025
A3004,C0139
A3005,C0081
A3006,C0056
A3007,C0057
A3008,C0099
A3009,C0126
A3010,C0112
A3011,C0049
A3012,C0062
A3013,C0052
A3014,C0005,C0123
A3015,C0054
A3016,C0061
A3017,C0019
A3018,C0056
A3019,C0057
A3020,C0035
A3021,C0049
A3022,C0005,C0122
A3023,C0056
A3024,C0107
A3025,C0056
A3026,C0049
A3027,C0083
A3028,C0035
A3029,C0143
A3030,C0034
A3031,C0070
A3032,C0012
A3033,C0021
A3034,C0134
A3035,C0129
A3036,C0042
A3037,C0133
A3038,C0090
A3039,C0137
A3040,C0041
A3041,C0059
A3042,C0057
A3043,C0059
A3044,C0111
A3045,C0065
A3046,C0065
A3047,C0137
A3048,C0142
A3049,C0017
A3050,C0019
A3051,C0059
A3052,C0135
A3053,C0098
A3054,C0081
A3055,C0081
A3056,C0068
A3057,C0065
A3058,C0031
A3059,C0059
A3060,C0042
A3061,C0098,C0102
A3062,C0084
A3063,C0105
A3064,C0065
A3065,C0046
A3066,C0005,C0124
A3067,C0133
A3068,C0084
A3069,C0048
A3070,C0042
A3071,C0033
A3072,C0078
A3073,C0078
A3074,C0144
A3075,C0079
A3076,C0085
A3077,C0023
A3078,C0143
A3079,C0034,C0143
A3080,C0034,C0144
A3081,C0137
A3082,C0114,C0115
A3083,C0133
A3084,C0135
A3085,C0070
A3086,C0070
A3087,C0070
A3088,C0070
A3089,C0070
A3090,C0012
A3091,C0012
A3092,C0114
A3093,C0059
A3094,C0042,C0137
A3095,C0062
A3096,C0132
A3097,C0022
A3098,C0144
A3099,C0056
A3100,C0080
A3101,C0130
A3102,C0084
A3103,C0055
A3104,C0105
A3105,C0111
A3106,C0053
A3107,C0139
A3108,C0129
A3109,C0133
A3110,C0129
A3111,C0126
A3112,C0062
A3113,C0135
A3114,C0098
A3115,C0065
A3116,C0049
A3117,C0056
A3118,C0035
A3119,C0130
A3120,C0129
A3121,C0059
A3122,C0056
A3123,C0139
A3124,C0066
A3125,C0052,C0138
A3126,C0028,C0052
A3127,C0053
A3128,C0038
A3129,C0035
A3130,C0035
A3131,C0144
A3132,C0092
A3133,C0038
A3134,C0130
A3135,C0054
A3136,C0017
A3137,C0005,C0123
A3138,C0033
A3139,C0057
A3140,C0033
A3141,C0059
A3142,C0054
A3143,C0005,C0124
A3144,C0116
A3145,C0053
A3146,C0033
A3147,C0139
A3148,C0042
A3149,C0057
A3150,C0073
A3151,C0005,C0121
A3152,C0032
A3153,C0137
A3154,C0115
A3155,C0042
A3156,C0005,C0057
A3157,C0005,C0121
A3158,C0130
A3159,C0051
A3160,C0053
A3161,C0044
A3162,C0031
A3163,C0031
A3164,C0031
A3165,C0031
A3166,C0129
A3167,C0042,C0137
A3168,C0042,C0137
A3169,C0033
A3170,C0063
A3171,C0129
A3172,C0108
A3173,C0055
A3174,C0092
A3175,C0093
A3176,C0092
A3177,C0103
A3178,C0107
A3179,C0042,C0137
A3180,C0025
A3181,C0025
A3182,C0129
A3183,C0056
A3184,C0042,C0137
A3185,C0040
A3186,C0027
A3187,C0101
A3188,C0108
A3189,C0059
A3190,C0133
A3191,C0130
A3192,C0098
A3193,C0129
A3194,C0056
A3195,C0035
A3196,C0116
A3197,C0005,C0123
A3198,C0035
A3199,C0129
A3200,C0012
A3201,C0101
A3202,C0140
A3203,C0139
A3204,C0075
A3205,C0059
A3206,C0133
A3207,C0065
A3208,C0054
A3209,C0083
A3210,C0057
A3211,C0005,C0121
A3212,C0108
A3213,C0085
A3214,C0098
A3215,C0092
A3216,C0080
A3217,C0019,C0059
A3218,C0143
A3219,C0065
A3220,C0133
A3221,C0062
A3222,C0044
A3223,C0098
A3224,C0005,C0123
A3225,C0125
A3226,C0113
A3227,C0113
A3228,C0133
A3229,C0079
A3230,C0081
A3231,C0145
A3232,C0062
A3233,C0034
A3234,C0139
A3235,C0138
A3236,C0138
A3237,C0138
A3238,C0017,C0044
A3239,C0143
A3240,C0132
A3241,C0132
A3242,C0034
A3243,C0143
A3244,C0143
A3245,C0143
A3246,C0012
A3247,C0087
A3248,C0056
A3249,C0063,C0126
A3250,C0129
A3251,C0042,C0135
A3252,C0129
A3253,C0141
A3254,C0001
A3255,C0129
A3256,C0133,C0136
A3257,C0057
A3258,C0135
A3259,C0146
A3260,C0146
A3261,C0144
A3262,C0132
A3263,C0132
A3264,C0143
A3265,C0059
A3266,C0130
A3267,C0139
A3268,C0104
A3269,C0135
A3270,C0043
A3271,C0144
A3272,C0130
A3273,C0059
A3274,C0129
A3275,C0042,C0137
A3276,C0144,C0146
A3277,C0139
A3278,C0056
A3279,C0133
A3280,C0129
A3281,C0079
A3282,C0083,C0085
A3283,C0085
A3284,C0070
A3285,C0043
A3286,C0005,C0122
A3287,C0012
A3288,C0050
A3289,C0029
A3290,C0031
A3291,C0072
A3292,C0068
A3293,C0072
A3294,C0070
A3295,C0031
A3296,C0068
A3297,C0113
A3298,C0031
A3299,C0031
A3300,C0031
A3301,C0131
A3302,C0028
A3303,C0028
A3304,C0139
A3305,C0132
A3306,C0065
A3307,C0044
A3308,C0071
A3309,C0135
A3310,C0125,C0127
A3311,C0048
A3312,C0115
A3313,C0107
A3314,C0107
A3315,C0107
A3316,C0026,C0040
A3317,C0026
A3318,C0071
A3319,C0085
A3320,C0049
A3321,C0049
A3322,C0056
A3323,C0005,C0122
A3324,C0031
A3325,C0081
A3326,C0052
A3327,C0040
A3328,C0048
A3329,C0139
A3330,C0138
A3331,C0138
A3332,C0042
A3333,C0017,C0019,C0040
A3334,C0129
A3335,C0021
A3336,C0023,C0026
A3337,C0053
A3338,C0049
A3339,C0139
A3340,C0017
A3341,C0059
A3342,C0065
A3343,C0031
A3344,C0049
A3345,C0084
A3346,C0031
A3347,C0012
A3348,C0137
A3349,C0027
A3350,C0031
A3351,C0017
A3352,C0133
A3353,C0084
A3354,C0031
A3355,C0065
A3356,C0012
A3357,C0075
A3358,C0073,C0133
A3359,C0145
A3360,C0139
A3361,C0031
A3362,C0031
A3363,C0019
A3364,C0133
A3365,C0139
A3366,C0132
A3367,C0130
A3368,C0143
A3369,C0144
A3370,C0130
A3371,C0133
A3372,C0130
A3373,C0093
A3374,C0030
A3375,C0005,C0121
A3376,C0129
A3377,C0042
A3378,C0131
A3379,C0133
A3380,C0135
A3381,C0055
A3382,C0103
A3383,C0033
A3384,C0060
A3385,C0100
A3386,C0012
A3387,C0075
A3388,C0005,C0124
A3389,C0065
A3390,C0098
A3391,C0068
A3392,C0012
A3393,C0140
A3394,C0076
A3395,C0143
A3396,C0143
A3397,C0060
A3398,C0048
A3399,C0090
A3400,C0111
A3401,C0051
A3402,C0116
A3403,C0005,C0120
A3404,C0035
A3405,C0068
A3406,C0077
A3407,C0075
A3408,C0049
A3409,C0135
A3410,C0133
A3411,C0110
A3412,C0026
A3413,C0034
A3414,C0068
A3415,C0034
A3416,C0143
A3417,C0034,C0144
A3418,C0042,C0137
A3419,C0139
A3420,C0139
A3421,C0089
A3422,C0035
A3423,C0035
A3424,C0035
A3425,C0052
A3426,C0052
A3427,C0028
A3428,C0035
A3429,C0074
A3430,C0105
A3431,C0111
A3432,C0085
A3433,C0065
A3434,C0056
A3435,C0041
A3436,C0138
A3437,C0092
A3438,C0089
A3439,C0129
A3440,C0088
A3441,C0045
A3442,C0103
A3443,C0087
A3444,C0028
A3445,C0129
A3446,C0135
A3447,C0054
A3448,C0144
A3449,C0144
A3450,C0073
A3451,C0143,C0144
A3452,C0129
A3453,C0062
A3454,C0129
A3455,C0129
A3456,C0019
A3457,C0035
A3458,C0056
A3459,C0089
A3460,C0089
A3461,C0115
A3462,C0115
A3463,C0092
A3464,C0104
A3465,C0068
A3466,C0089
A3467,C0021
A3468,C0143
A3469,C0134
A3470,C0005,C0123
A3471,C0005,C0122
A3472,C0005,C0122
A3473,C0120
A3474,C0086
A3475,C0083
A3476,C0133
A3477,C0133
A3478,C0052
A3479,C0116
A3480,C0031
A3481,C0101
A3482,C0139
A3483,C0053
A3484,C0062
A3485,C0139
A3486,C0138
A3487,C0042,C0137
A3488,C0089
A3489,C0042
A3490,C0093
A3491,C0097
A3492,C0086
A3493,C0102,C0126
A3494,C0102,C0126
A3495,C0102,C0126
A3496,C0109
A3497,C0074
A3498,C0095
A3499,C0085,C0103
A3500,C0062
A3501,C0039
A3502,C0135
A3503,C0129
A3504,C0020
A3505,C0051
A3506,C0059
A3507,C0056
A3508,C0056
A3509,C0058
A3510,C0097
A3511,C0135
A3512,C0024
A3513,C0094
A3514,C0105
A3515,C0093
A3516,C0105,C0127
A3517,C0127
A3518,C0103
A3519,C0127
A3520,C0084
A3521,C0144
A3522,C0129
A3523,C0129
A3524,C0056
A3525,C0056
A3526,C0062
A3527,C0033
A3528,C0139
A3529,C0126
A3530,C0115
A3531,C0065,C0126
A3532,C0065
A3533,C0092
A3534,C0065,C0126
A3535,C0112
A3536,C0126
A3537,C0126
A3538,C0005,C0122
A3539,C0127
A3540,C0053
A3541,C0086
A3542,C0065,C0098
A3543,C0109
A3544,C0053
A3545,C0129
A3546,C0098
A3547,C0129
A3548,C0137
A3549,C0066
A3550,C0053
A3551,C0107
A3552,C0070
A3553,C0020
A3554,C0067
A3555,C0027
A3556,C0070
A3557,C0086
A3558,C0070
A3559,C0056
A3560,C0139
A3561,C0043
A3562,C0098
A3563,C0110
A3564,C0046
A3565,C0045
A3566,C0126
A3567,C0021
A3568,C0005,C0122
A3569,C0068
A3570,C0073
A3571,C0081
A3572,C0139
A3573,C0109
A3574,C0139
A3575,C0005,C0120
A3576,C0073
A3577,C0051
A3578,C0049
A3579,C0005,C0120
A3580,C0104
A3581,C0070
A3582,C0097
A3583,C0035
A3584,C0032
A3585,C0137
A3586,C0042,C0137
A3587,C0049,C0058
A3588,C0062
A3589,C0005,C0120
A3590,C0086
A3591,C0005,C0121
A3592,C0032,C0062
A3593,C0005,C0121
A3594,C0053
A3595,C0005,C0121
A3596,C0055
A3597,C0098
A3598,C0056
A3599,C0089
A3600,C0138
A3601,C0062
A3602,C0130
A3603,C0092
A3604,C0098
A3605,C0139
A3606,C0005,C0057
A3607,C0086,C0110
A3608,C0085,C0110
A3609,C0035
A3610,C0035
A3611,C0035
A3612,C0062
A3613,C0134
A3614,C0062
A3615,C0005,C0122
A3616,C0059
A3617,C0044
A3618,C0134
A3619,C0033
A3620,C0059
A3621,C0108
A3622,C0081
A3623,C0033
A3624,C0040
A3625,C0051
A3626,C0051
A3627,C0053
A3628,C0053
A3629,C0098
A3630,C0091
A3631,C0068
A3632,C0146
A3633,C0145
A3634,C0005,C0124
A3635,C0130
A3636,C0130
A3637,C0130
A3638,C0134
A3639,C0129
A3640,C0087
A3641,C0139
A3642,C0082
A3643,C0144
A3644,C0130
A3645,C0041
A3646,C0133
A3647,C0075
A3648,C0133
A3649,C0143
A3650,C0116
A3651,C0040
A3652,C0131,C0132
A3653,C0037,C0048
A3654,C0027
A3655,C0056
A3656,C0126
A3657,C0081
A3658,C0035
A3659,C0115
A3660,C0081
A3661,C0056
A3662,C0112
A3663,C0024
A3664,C0127
A3665,C0034
A3666,C0037
A3667,C0017
A3668,C0133
A3669,C0054
A3670,C0028
A3671,C0054
A3672,C0139
A3673,C0091
A3674,C0073
A3675,C0040,C0052
A3676,C0062
A3677,C0059
A3678,C0072
A3679,C0070
A3680,C0070,C0114
A3681,C0132,C0137
A3682,C0048
A3683,C0103
A3684,C0139
A3685,C0142
A3686,C0034,C0142
A3687,C0031
A3688,C0005,C0120
A3689,C0081
A3690,C0055
A3691,C0029
A3692,C0073
A3693,C0132
A3694,C0137
A3695,C0005,C0122
A3696,C0005,C0122
A3697,C0041
A3698,C0116
A3699,C0042,C0137
A3700,C0048
A3701,C0012
A3702,C0056
A3703,C0120
A3704,C0088
A3705,C0081
A3706,C0144
A3707,C0098
A3708,C0055
A3709,C0134
A3710,C0091
A3711,C0056
A3712,C0098
A3713,C0129
A3714,C0145
A3715,C0145
A3716,C0056
A3717,C0034
A3718,C0083
A3719,C0073
A3720,C0115
A3721,C0032,C0034
A3722,C0040
A3723,C0135
A3724,C0062
A3725,C0134
A3726,C0033
A3727,C0114
A3728,C0042
A3729,C0033
A3730,C0133
A3731,C0070
A3732,C0065
A3733,C0005,C0120
A3734,C0099
A3735,C0115
A3736,C0055
A3737,C0041
A3738,C0139
A3739,C0059
A3740,C0139
A3741,C0098
A3742,C0038
A3743,C0036
A3744,C0020
A3745,C0005,C0123
A3746,C0073
A3747,C0065
A3748,C0144
A3749,C0017
A3750,C0098
A3751,C0073
A3752,C0068
A3753,C0089
A3754,C0045
A3755,C0129
A3756,C0023
A3757,C0112
A3758,C0040
A3759,C0005,C0122
A3760,C0005,C0122
A3761,C0133
A3762,C0028
A3763,C0035
A3764,C0044
A3765,C0052
A3766,C0129
A3767,C0052
A3768,C0056
A3769,C0056
A3770,C0129
A3771,C0133
A3772,C0031
A3773,C0031
A3774,C0031
A3775,C0024,C0031
A3776,C0067,C0125
A3777,C0026
A3778,C0031
A3779,C0104
A3780,C0081
A3781,C0139
A3782,C0138
A3783,C0138
A3784,C0059
A3785,C0059
A3786,C0059
A3787,C0042,C0059
A3788,C0059
A3789,C0059
A3790,C0059
A3791,C0059
A3792,C0144
A3793,C0144
A3794,C0005,C0057
A3795,C0005,C0120
A3796,C0129
A3797,C0038
A3798,C0020
A3799,C0137
A3800,C0137
A3801,C0089
A3802,C0143
A3803,C0039
A3804,C0005,C0120
A3805,C0051
A3806,C0054
A3807,C0050
A3808,C0005,C0123
A3809,C0005,C0122
A3810,C0056
A3811,C0049
A3812,C0050,C0054
A3813,C0035
A3814,C0129
A3815,C0062
A3816,C0073
A3817,C0042
A3818,C0038
A3819,C0068
A3820,C0145
A3821,C0034,C0145
A3822,C0145
A3823,C0034,C0145
A3824,C0145
A3825,C0145
A3826,C0034,C0145
A3827,C0145
A3828,C0145
A3829,C0143,C0145
A3830,C0005,C0122
A3831,C0125
A3832,C0068,C0114
A3833,C0068
A3834,C0081
A3835,C0129
A3836,C0129
A3837,C0031
A3838,C0031
A3839,C0143
A3840,C0078
A3841,C0143
A3842,C0135
A3843,C0012
A3844,C0143
A3845,C0134
A3846,C0130
A3847,C0073
A3848,C0129
A3849,C0082
A3850,C0001
A3851,C0045
A3852,C0129
A3853,C0040,C0052
A3854,C0112
A3855,C0145
A3856,C0145
A3857,C0145
A3858,C0079
A3859,C0045
A3860,C0005,C0123
A3861,C0025
A3862,C0056
A3863,C0056
A3864,C0033
A3865,C0134
A3866,C0086
A3867,C0017
A3868,C0098
A3869,C0110
A3870,C0051
A3871,C0105
A3872,C0144
A3873,C0038
A3874,C0038
A3875,C0041
A3876,C0048
A3877,C0048
A3878,C0041
A3879,C0041
A3880,C0042,C0137
A3881,C0048
A3882,C0129
A3883,C0084
A3884,C0012
A3885,C0065
A3886,C0034
A3887,C0141
A3888,C0108
A3889,C0130
A3890,C0132,C0133
A3891,C0105
A3892,C0093
A3893,C0110,C0131
A3894,C0097
A3895,C0126
A3896,C0108
A3897,C0134
A3898,C0048
A3899,C0134
A3900,C0019,C0022
A3901,C0035
A3902,C0053
A3903,C0113
A3904,C0065
A3905,C0056
A3906,C0061
A3907,C0056
A3908,C0035
A3909,C0054
A3910,C0056
A3911,C0143
A3912,C0133
A3913,C0139
A3914,C0130
A3915,C0082
A3916,C0056
A3917,C0130
A3918,C0049
A3919,C0049
A3920,C0051
A3921,C0005,C0120
A3922,C0081
A3923,C0044
A3924,C0032,C0049
A3925,C0023,C0031
A3926,C0042
A3927,C0042,C0137
A3928,C0042,C0137
A3929,C0087
A3930,C0098
A3931,C0139
A3932,C0138
A3933,C0031
A3934,C0137
A3935,C0055
A3936,C0065
A3937,C0040,C0052
A3938,C0057
A3939,C0045
A3940,C0144
A3941,C0065
A3942,C0105
A3943,C0137
A3944,C0137
A3945,C0052
A3946,C0033
A3947,C0041
A3948,C0046
A3949,C0046
A3950,C0035
A3951,C0038
A3952,C0038
A3953,C0142
A3954,C0037
A3955,C0032,C0128
A3956,C0022
A3957,C0019
A3958,C0029
A3959,C0005,C0121
A3960,C0053
A3961,C0028
A3962,C0066,C0126
A3963,C0053
A3964,C0065
A3965,C0129
A3966,C0129
A3967,C0114
A3968,C0005,C0120
A3969,C0005,C0122
A3970,C0070
A3971,C0129
A3972,C0031
A3973,C0073
A3974,C0005,C0122
A3975,C0057
A3976,C0106
A3977,C0068
A3978,C0066
A3979,C0012
A3980,C0087
A3981,C0005,C0124
A3982,C0070
A3983,C0035
A3984,C0086,C0110
A3985,C0035
A3986,C0069
A3987,C0081
A3988,C0055
A3989,C0005,C0123
A3990,C0033,C0055
A3991,C0005,C0123
A3992,C0060
A3993,C0136
A3994,C0081
A3995,C0063
A3996,C0070
A3997,C0137
A3998,C0139
A3999,C0005,C0120
A4000,C0113
A4001,C0113
A4002,C0137
A4003,C0055
A4004,C0135
A4005,C0129
A4006,C0133
A4007,C0035
A4008,C0078
A4009,C0039
A4010,C0139
A4011,C0082
A4012,C0058
A4013,C0058
A4014,C0034
A4015,C0034
A4016,C0034
A4017,C0034
A4018,C0034,C0048
A4019,C0139
A4020,C0143
A4021,C0065
A4022,C0033
A4023,C0045
A4024,C0046
A4025,C0107
A4026,C0097
A4027,C0139
A4028,C0049
A4029,C0129
A4030,C0031
A4031,C0017
A4032,C0005,C0123
A4033,C0133
A4034,C0139
A4035,C0085
A4036,C0037
A4037,C0126
A4038,C0046
A4039,C0005,C0121
A4040,C0037
A4041,C0090
A4042,C0088
A4043,C0128
A4044,C0056
A4045,C0084
A4046,C0035
A4047,C0085
A4048,C0080
A4049,C0084
A4050,C0057
A4051,C0046
A4052,C0076
A4053,C0084
A4054,C0086
A4055,C0084
A4056,C0037
A4057,C0085
A4058,C0080
A4059,C0056
A4060,C0086
A4061,C0005,C0120
A4062,C0041
A4063,C0127
A4064,C0053
A4065,C0084
A4066,C0084
A4067,C0074
A4068,C0080
A4069,C0086
A4070,C0036,C0056
A4071,C0070
A4072,C0017
A4073,C0038
A4074,C0084
A4075,C0041
A4076,C0084
A4077,C0084
A4078,C0041
A4079,C0085
A4080,C0085
A4081,C0086
A4082,C0131,C0132
A4083,C0084
A4084,C0131
A4085,C0084
A4086,C0084
A4087,C0084
A4088,C0048
A4089,C0086
A4090,C0085
A4091,C0088
A4092,C0090
A4093,C0086
A4094,C0041
A4095,C0037,C0048
A4096,C0090
A4097,C0090
A4098,C0090
A4099,C0030
A4100,C0085
A4101,C0048
A4102,C0048
A4103,C0083,C0086
A4104,C0033,C0086
A4105,C0086
A4106,C0109
A4107,C0130
A4108,C0143
A4109,C0143
A4110,C0130
A4111,C0082
A4112,C0042,C0140
A4113,C0065,C0070
A4114,C0107
A4115,C0107
A4116,C0107
A4117,C0096
A4118,C0092
A4119,C0104
A4120,C0109
A4121,C0022,C0098
A4122,C0107
A4123,C0110
A4124,C0104
A4125,C0111
A4126,C0132
A4127,C0139
A4128,C0101
A4129,C0034
A4130,C0080
A4131,C0034
A4132,C0129
A4133,C0069
A4134,C0139
A4135,C0052,C0064
A4136,C0073
A4137,C0005,C0123
A4138,C0052
A4139,C0135
A4140,C0108
A4141,C0134
A4142,C0055
A4143,C0062
A4144,C0129
A4145,C0095
A4146,C0108
A4147,C0049
A4148,C0143
A4149,C0054,C0143
A4150,C0144,C0146
A4151,C0035
A4152,C0098
A4153,C0139
A4154,C0138
A4155,C0087
A4156,C0068,C0098
A4157,C0139
A4158,C0130
A4159,C0084
A4160,C0137
A4161,C0040,C0133
A4162,C0042
A4163,C0005,C0120
A4164,C0057
A4165,C0055
A4166,C0138
A4167,C0037
A4168,C0089
A4169,C0005,C0057
A4170,C0105
A4171,C0133
A4172,C0133
A4173,C0048
A4174,C0012
A4175,C0063
A4176,C0052
A4177,C0062
A4178,C0047
A4179,C0046
A4180,C0133
A4181,C0019
A4182,C0034
A4183,C0033
A4184,C0040
A4185,C0041
A4186,C0053
A4187,C0137
A4188,C0024,C0031
A4189,C0056
A4190,C0035
A4191,C0035
A4192,C0144
A4193,C0034
A4194,C0134
A4195,C0084
A4196,C0068
A4197,C0128
A4198,C0137
A4199,C0129
A4200,C0136
A4201,C0129
A4202,C0070
A4203,C0059
A4204,C0045
A4205,C0026
A4206,C0130
A4207,C0133
A4208,C0137
A4209,C0012
A4210,C0012
A4211,C0111
A4212,C0005,C0121
A4213,C0111
A4214,C0027
A4215,C0070
A4216,C0116
A4217,C0049,C0058
A4218,C0041
A4219,C0089
A4220,C0065
A4221,C0130
A4222,C0035
A4223,C0064
A4224,C0064
A4225,C0064
A4226,C0064
A4227,C0064
A4228,C0064
A4229,C0064
A4230,C0064
A4231,C0064
A4232,C0064
A4233,C0064
A4234,C0064
A4235,C0064
A4236,C0064
A4237,C0064
A4238,C0064
A4239,C0064
A4240,C0064
A4241,C0064
A4242,C0054
A4243,C0134
A4244,C0087
A4245,C0070
A4246,C0061
A4247,C0134
A4248,C0133
A4249,C0129
A4250,C0134
A4251,C0139
A4252,C0049
A4253,C0005,C0120
A4254,C0103
A4255,C0053
A4256,C0005,C0122
A4257,C0129
A4258,C0005,C0122
A4259,C0083
A4260,C0005,C0123
A4261,C0005,C0121
A4262,C0042,C0137
A4263,C0133
A4264,C0060
A4265,C0134
A4266,C0063
A4267,C0005,C0057
A4268,C0093
A4269,C0034
A4270,C0061
A4271,C0061
A4272,C0130
A4273,C0070
A4274,C0046
A4275,C0036,C0062
A4276,C0062
A4277,C0090
A4278,C0070
A4279,C0078
A4280,C0065
A4281,C0005,C0120
A4282,C0005,C0122
A4283,C0087
A4284,C0057
A4285,C0043
A4286,C0143
A4287,C0057,C0059
A4288,C0101,C0109
A4289,C0129
A4290,C0080
A4291,C0054
A4292,C0035,C0062
A4293,C0005,C0124
A4294,C0005,C0056,C0122
A4295,C0047
A4296,C0055
A4297,C0031
A4298,C0005,C0062
A4299,C0029
A4300,C0031
A4301,C0029
A4302,C0071
A4303,C0031
A4304,C0036
A4305,C0031
A4306,C0062
A4307,C0021
A4308,C0031
A4309,C0144
A4310,C0027
A4311,C0027
A4312,C0027
A4313,C0062
A4314,C0062
A4315,C0078
A4316,C0139
A4317,C0139
A4318,C0139
A4319,C0139
A4320,C0139
A4321,C0139
A4322,C0144
A4323,C0144
A4324,C0144
A4325,C0144
A4326,C0139
A4327,C0146
A4328,C0135
A4329,C0071
A4330,C0005,C0121
A4331,C0113
A4332,C0053
A4333,C0005,C0123
A4334,C0140
A4335,C0051
A4336,C0112
A4337,C0135
A4338,C0090
A4339,C0139
A4340,C0062
A4341,C0042,C0137
A4342,C0005,C0057
A4343,C0055
A4344,C0097
A4345,C0005,C0122
A4346,C0042,C0137
A4347,C0137
A4348,C0130
A4349,C0005,C0121
A4350,C0012
A4351,C0146
A4352,C0088
A4353,C0101
A4354,C0132
A4355,C0132
A4356,C0137
A4357,C0110
A4358,C0049
A4359,C0070
A4360,C0098
A4361,C0030
A4362,C0053
A4363,C0005,C0123
A4364,C0070
A4365,C0068,C0126
A4366,C0116
A4367,C0092
A4368,C0110
A4369,C0035
A4370,C0070
A4371,C0132
A4372,C0017
A4373,C0042,C0140
A4374,C0042,C0140
A4375,C0042,C0140
A4376,C0097
A4377,C0091
A4378,C0105
A4379,C0020
A4380,C0059
A4381,C0059
A4382,C0135
A4383,C0053
A4384,C0045
A4385,C0142
A4386,C0110
A4387,C0031
A4388,C0082
A4389,C0080
A4390,C0081
A4391,C0129
A4392,C0098
A4393,C0046
A4394,C0129
A4395,C0111
A4396,C0057
A4397,C0056
A4398,C0019,C0062
A4399,C0135
A4400,C0057
A4401,C0135
A4402,C0037,C0106
A4403,C0110
A4404,C0098,C0125
A4405,C0110
A4406,C0070
A4407,C0084
A4408,C0025
A4409,C0072
A4410,C0072
A4411,C0095
A4412,C0109
A4413,C0070
A4414,C0070,C0126
A4415,C0053
A4416,C0068
A4417,C0137
A4418,C0062
A4419,C0035,C0062
A4420,C0036,C0062
A4421,C0134
A4422,C0028
A4423,C0034
A4424,C0037
A4425,C0052
A4426,C0135
A4427,C0045
A4428,C0039
A4429,C0059
A4430,C0017
A4431,C0056
A4432,C0143
A4433,C0143
A4434,C0108
A4435,C0048
A4436,C0034,C0070
A4437,C0135
A4438,C0052
A4439,C0052,C0064
A4440,C0052
A4441,C0137
A4442,C0133
A4443,C0073,C0074
A4444,C0034
A4445,C0057
A4446,C0067
A4447,C0096
A4448,C0056,C0126
A4449,C0005,C0124
A4450,C0053,C0081
A4451,C0062
A4452,C0070
A4453,C0053,C0065
A4454,C0005,C0120
A4455,C0017
A4456,C0033
A4457,C0031
A4458,C0056
A4459,C0086
A4460,C0073
A4461,C0056
A4462,C0081
A4463,C0135
A4464,C0134
A4465,C0135
A4466,C0042
A4467,C0088
A4468,C0133,C0136
A4469,C0134
A4470,C0129
A4471,C0089
A4472,C0129
A4473,C0056,C0059
A4474,C0129
A4475,C0088
A4476,C0129
A4477,C0129
A4478,C0079
A4479,C0079
A4480,C0079
A4481,C0079
A4482,C0079
A4483,C0079
A4484,C0135
A4485,C0135
A4486,C0097
A4487,C0110
A4488,C0098
A4489,C0098,C0105
A4490,C0098
A4491,C0127
A4492,C0099
A4493,C0109
A4494,C0092
A4495,C0105
A4496,C0102,C0125
A4497,C0102,C0126
A4498,C0102,C0127
A4499,C0102,C0126
A4500,C0098
A4501,C0109
A4502,C0098
A4503,C0105
A4504,C0108
A4505,C0086,C0110
A4506,C0101
A4507,C0100
A4508,C0098
A4509,C0102,C0125
A4510,C0098
A4511,C0052
A4512,C0078
A4513,C0078
A4514,C0078
A4515,C0033,C0056
A4516,C0039
A4517,C0032
A4518,C0098
A4519,C0105,C0128
A4520,C0035
A4521,C0052
A4522,C0098
A4523,C0084
A4524,C0085,C0103
A4525,C0135
A4526,C0135
A4527,C0023
A4528,C0034,C0136
A4529,C0129
A4530,C0028
A4531,C0129
A4532,C0109
A4533,C0137
A4534,C0034
A4535,C0073
A4536,C0143
A4537,C0023
A4538,C0022
A4539,C0024
A4540,C0028
A4541,C0022
A4542,C0070
A4543,C0128
A4544,C0079
A4545,C0136
A4546,C0001
A4547,C0129
A4548,C0034
A4549,C0045
A4550,C0096
A4551,C0082
A4552,C0098
A4553,C0041
A4554,C0078
A4555,C0078
A4556,C0078
A4557,C0033
A4558,C0139
A4559,C0098
A4560,C0135
A4561,C0049
A4562,C0055
A4563,C0057
A4564,C0042,C0136
A4565,C0055
A4566,C0133
A4567,C0129
A4568,C0062
A4569,C0005,C0124
A4570,C0055
A4571,C0048
A4572,C0112
A4573,C0070
A4574,C0056
A4575,C0056
A4576,C0080
A4577,C0088
A4578,C0139
A4579,C0139
A4580,C0068
A4581,C0051
A4582,C0098,C0145
A4583,C0069,C0098
A4584,C0053
A4585,C0076
A4586,C0105
A4587,C0049
A4588,C0005,C0120
A4589,C0098
A4590,C0135
A4591,C0134
A4592,C0111
A4593,C0068,C0098
A4594,C0068,C0098
A4595,C0098
A4596,C0005,C0120
A4597,C0139
A4598,C0138
A4599,C0062
A4600,C0105,C0115
A4601,C0139
A4602,C0107
A4603,C0053,C0081
A4604,C0049
